City_ID,City,Country,Date,Lat,Lng,Max Temp,Humidity,Cloudiness,Wind Speed,Current Description
0,Ilulissat,GL,2021-11-23 04:04:54,69.2167,-51.1,17.62,62,20,17.27,few clouds
1,Rikitea,PF,2021-11-23 04:04:55,-23.1203,-134.9692,75.9,76,1,11.36,clear sky
2,Kapaa,US,2021-11-23 04:02:51,22.0752,-159.319,80.58,77,19,1.01,few clouds
3,Iquique,CL,2021-11-23 04:01:09,-20.2208,-70.1431,63.28,72,98,1.97,overcast clouds
4,Tuktoyaktuk,CA,2021-11-23 04:00:35,69.4541,-133.0374,-6.5,95,100,8.37,overcast clouds
5,Nhamunda,BR,2021-11-23 04:04:56,-2.1861,-56.7131,73.35,97,95,0.92,overcast clouds
6,Poum,NC,2021-11-23 04:02:43,-20.2333,164.0167,78.33,74,100,2.91,overcast clouds
7,Mahibadhoo,MV,2021-11-23 04:04:56,3.7833,72.9667,81.7,73,99,16.8,overcast clouds
8,Arlit,NE,2021-11-23 04:03:34,18.7369,7.3853,70.3,20,0,1.03,clear sky
9,Mosalsk,RU,2021-11-23 04:04:57,54.4881,34.9817,22.23,87,99,4.16,overcast clouds
10,Quatre Cocos,MU,2021-11-23 04:01:43,-20.2078,57.7625,79.09,67,2,8.84,clear sky
11,Nanfeng,CN,2021-11-23 04:04:58,23.7434,111.7959,56.08,56,96,4.81,overcast clouds
12,Nanyang,CN,2021-11-23 04:04:58,32.9947,112.5328,52.77,21,0,10.22,clear sky
13,Yar-Sale,RU,2021-11-23 04:04:59,66.8333,70.8333,14.76,96,100,5.75,light snow
14,Lesnica,RS,2021-11-23 04:04:59,44.6525,19.31,44.94,94,100,5.06,light rain
15,Isangel,VU,2021-11-23 04:05:00,-19.55,169.2667,81.72,76,99,6.82,overcast clouds
16,Punta Arenas,CL,2021-11-23 04:00:56,-53.15,-70.9167,39.11,64,100,5.64,overcast clouds
17,Adrar,MR,2021-11-23 04:05:01,20.5022,-10.0711,73.8,45,100,9.19,overcast clouds
18,Hobart,AU,2021-11-23 04:05:02,-42.8794,147.3294,77.05,51,75,1.01,broken clouds
19,Qaanaaq,GL,2021-11-23 04:05:02,77.484,-69.3632,-7.44,87,97,6.42,overcast clouds
20,Atuona,PF,2021-11-23 04:05:03,-9.8,-139.0333,77.74,75,100,9.1,overcast clouds
21,Viedma,AR,2021-11-23 04:05:03,-40.8135,-62.9967,49.93,66,8,7.65,clear sky
22,Busselton,AU,2021-11-23 04:05:03,-33.65,115.3333,71.15,42,0,10.04,clear sky
23,Saint George,US,2021-11-23 04:05:04,37.1041,-113.5841,59.47,38,1,3.0,clear sky
24,Hermanus,ZA,2021-11-23 04:05:04,-34.4187,19.2345,51.8,80,12,8.19,few clouds
25,Perth,AU,2021-11-23 04:04:14,-31.9333,115.8333,77.02,44,0,2.3,clear sky
26,San Patricio,US,2021-11-23 04:05:05,28.017,-97.5169,66.06,49,100,6.91,overcast clouds
27,Mataura,NZ,2021-11-23 04:05:06,-46.1927,168.8643,61.97,47,83,6.46,broken clouds
28,Bouafle,CI,2021-11-23 04:05:06,6.9904,-5.7442,68.97,95,10,2.68,clear sky
29,Pevek,RU,2021-11-23 04:05:06,69.7008,170.3133,-18.42,96,17,1.99,few clouds
30,Vao,NC,2021-11-23 04:02:00,-22.6667,167.4833,75.22,79,99,10.47,overcast clouds
31,Tasiilaq,GL,2021-11-23 04:05:07,65.6145,-37.6368,26.76,63,97,7.81,overcast clouds
32,Mbekenyera,TZ,2021-11-23 04:05:07,-10.0,38.9833,71.33,86,19,2.59,few clouds
33,Puerto Ayora,EC,2021-11-23 04:00:15,-0.7393,-90.3518,68.02,75,28,6.6,scattered clouds
34,Vestmannaeyjar,IS,2021-11-23 04:05:08,63.4427,-20.2734,42.42,80,100,13.82,light rain
35,Mount Gambier,AU,2021-11-23 04:05:08,-37.8333,140.7667,64.31,82,75,17.27,shower rain
36,Souillac,MU,2021-11-23 04:05:09,-20.5167,57.5167,79.36,64,14,8.08,few clouds
37,Boueni,YT,2021-11-23 04:05:09,-12.9025,45.0761,80.58,74,29,13.47,scattered clouds
38,Jamestown,US,2021-11-23 04:03:25,42.097,-79.2353,33.39,64,90,4.0,light snow
39,Innisfail,AU,2021-11-23 04:05:09,-17.5333,146.0333,98.87,63,12,11.34,few clouds
40,Severo-Kurilsk,RU,2021-11-23 04:01:38,50.6789,156.125,38.1,85,96,19.57,overcast clouds
41,Vaini,TO,2021-11-23 04:05:11,-21.2,-175.2,80.76,89,40,6.91,scattered clouds
42,Andenes,NO,2021-11-23 04:01:49,69.3143,16.1194,33.78,93,75,10.36,moderate rain
43,Flinders,AU,2021-11-23 04:05:11,-34.5833,150.8552,72.37,70,100,7.43,overcast clouds
44,Yellowknife,CA,2021-11-23 04:01:27,62.456,-114.3525,-9.58,80,100,5.99,overcast clouds
45,Kandrian,PG,2021-11-23 04:00:50,-6.2167,149.55,85.12,71,46,5.28,light rain
46,Cape Town,ZA,2021-11-23 04:00:48,-33.9258,18.4232,63.1,71,2,11.61,clear sky
47,Tiksi,RU,2021-11-23 04:05:13,71.6872,128.8694,-21.98,97,51,7.7,broken clouds
48,Lompoc,US,2021-11-23 04:05:14,34.6391,-120.4579,71.13,45,1,3.44,clear sky
49,Omsukchan,RU,2021-11-23 04:05:14,62.5333,155.8,-13.09,90,57,0.96,broken clouds
50,Chumikan,RU,2021-11-23 04:05:14,54.7183,135.315,26.13,78,100,36.17,light snow
51,Avarua,CK,2021-11-23 04:05:15,-21.2078,-159.775,77.05,73,75,5.75,broken clouds
52,Tilichiki,RU,2021-11-23 04:00:49,60.4667,166.1,3.0,87,100,9.6,overcast clouds
53,Bluff,NZ,2021-11-23 04:05:16,-46.6,168.3333,56.39,70,38,12.53,scattered clouds
54,Debre Sina,ET,2021-11-23 04:05:16,9.85,39.7667,47.55,67,100,2.26,overcast clouds
55,Coquimbo,CL,2021-11-23 04:03:16,-29.9533,-71.3436,58.73,88,90,3.44,overcast clouds
56,Port Alfred,ZA,2021-11-23 04:05:17,-33.5906,26.891,64.56,83,100,23.22,moderate rain
57,Ilovlya,RU,2021-11-23 04:05:17,49.3033,43.9796,36.7,93,100,3.78,overcast clouds
58,Bambous Virieux,MU,2021-11-23 04:04:21,-20.3428,57.7575,79.21,67,2,8.48,clear sky
59,Esil,KZ,2021-11-23 04:05:18,51.9556,66.4042,25.38,94,59,16.53,broken clouds
60,Bethel,US,2021-11-23 04:04:14,41.3712,-73.414,37.56,62,1,1.01,clear sky
61,Chuy,UY,2021-11-23 04:02:15,-33.6971,-53.4616,63.55,67,8,16.58,clear sky
62,Nizwa,OM,2021-11-23 04:05:19,22.9333,57.5333,76.64,17,2,2.77,clear sky
63,Great Yarmouth,GB,2021-11-23 04:05:19,52.6083,1.7305,42.24,83,99,10.76,overcast clouds
64,Bougouni,ML,2021-11-23 04:05:20,11.417,-7.479,71.04,28,23,3.02,few clouds
65,Yarmouth,US,2021-11-23 04:05:20,41.7057,-70.2286,44.15,68,75,14.97,broken clouds
66,Olinda,BR,2021-11-23 04:02:38,-8.0089,-34.8553,80.33,78,75,6.91,broken clouds
67,Lorengau,PG,2021-11-23 04:00:53,-2.0226,147.2712,79.66,85,100,8.97,overcast clouds
68,Ushuaia,AR,2021-11-23 04:05:21,-54.8,-68.3,28.92,94,93,3.15,overcast clouds
69,Longyearbyen,SJ,2021-11-23 04:05:22,78.2186,15.6401,3.04,66,20,4.61,few clouds
70,Mar Del Plata,AR,2021-11-23 04:05:22,-38.0023,-57.5575,56.88,65,6,1.99,clear sky
71,Hamilton,US,2021-11-23 04:02:03,39.1834,-84.5333,30.4,75,1,1.99,clear sky
72,Camacha,PT,2021-11-23 04:05:23,33.0833,-16.3333,65.62,77,40,8.05,scattered clouds
73,Bendigo,AU,2021-11-23 04:05:23,-36.7667,144.2833,76.86,45,100,1.01,light rain
74,Bengkulu,ID,2021-11-23 04:05:24,-3.8004,102.2655,83.35,65,90,4.45,overcast clouds
75,Kropotkin,RU,2021-11-23 04:05:24,45.4375,40.5756,44.26,86,36,6.67,scattered clouds
76,Korla,CN,2021-11-23 04:00:29,41.7597,86.1469,31.86,50,7,3.06,clear sky
77,Barrow,US,2021-11-23 04:05:25,71.2906,-156.7887,-3.98,71,75,4.61,broken clouds
78,Bakel,SN,2021-11-23 04:05:25,14.905,-12.4568,80.24,20,42,9.75,scattered clouds
79,Upata,VE,2021-11-23 04:05:26,8.0086,-62.3989,73.18,98,95,2.77,overcast clouds
80,Khor,RU,2021-11-23 04:05:26,47.8861,134.9464,18.12,94,100,18.25,light snow
81,Shimoda,JP,2021-11-23 04:02:26,34.6667,138.95,60.1,58,1,29.28,clear sky
82,Puerto El Triunfo,SV,2021-11-23 04:05:28,13.2833,-88.55,73.56,80,35,4.34,scattered clouds
83,Hasaki,JP,2021-11-23 04:05:29,35.7333,140.8333,59.4,74,100,15.1,overcast clouds
84,Khatanga,RU,2021-11-23 04:05:29,71.9667,102.5,-2.15,79,99,22.82,overcast clouds
85,Macapa,BR,2021-11-23 04:01:19,0.0389,-51.0664,77.4,90,46,6.71,scattered clouds
86,Elk Plain,US,2021-11-23 04:05:30,47.0532,-122.3976,46.4,94,90,1.99,light rain
87,Kibray,UZ,2021-11-23 04:05:30,41.3873,69.4641,43.32,54,2,6.06,clear sky
88,Le Port,RE,2021-11-23 04:05:31,-20.9373,55.2919,80.6,68,35,4.23,scattered clouds
89,Panguna,PG,2021-11-23 04:05:32,-6.3164,155.4848,80.65,65,86,4.63,light rain
90,Darnah,LY,2021-11-23 04:05:32,32.767,22.6367,63.14,61,99,19.93,overcast clouds
91,Fonte Boa,BR,2021-11-23 04:05:33,-2.4959,-66.2662,73.38,98,100,1.23,overcast clouds
92,Gushikawa,JP,2021-11-23 04:05:33,26.3544,127.8686,69.03,58,90,13.8,overcast clouds
93,Ketchikan,US,2021-11-23 04:05:34,55.3422,-131.6461,39.18,87,90,4.61,light rain
94,Buala,SB,2021-11-23 04:02:48,-8.145,159.5921,84.2,74,82,10.83,light rain
95,Fasa,IR,2021-11-23 04:05:34,28.9383,53.6482,60.71,46,16,2.51,few clouds
96,Svetlogorsk,BY,2021-11-23 04:05:35,52.6333,29.7333,24.64,73,62,1.77,broken clouds
97,Vostok,RU,2021-11-23 04:05:36,46.4856,135.8833,10.8,90,100,14.23,light snow
98,Ayan,RU,2021-11-23 04:05:36,56.45,138.1667,25.21,82,100,34.07,light snow
99,Kruisfontein,ZA,2021-11-23 04:01:23,-34.0033,24.7314,58.89,80,100,10.67,overcast clouds
100,Butaritari,KI,2021-11-23 04:05:37,3.0707,172.7902,82.26,77,20,11.61,few clouds
101,Airai,TL,2021-11-23 04:05:37,-8.9266,125.4092,77.95,48,86,2.28,overcast clouds
102,Astoria,US,2021-11-23 04:05:38,46.1879,-123.8313,49.86,98,90,3.0,overcast clouds
103,Ninghai,CN,2021-11-23 04:05:38,29.2892,121.4247,55.72,40,15,7.47,few clouds
104,Norman Wells,CA,2021-11-23 04:05:39,65.282,-126.8329,-11.76,97,100,5.99,overcast clouds
105,Chegdomyn,RU,2021-11-23 04:02:56,51.1167,133.0167,28.81,67,100,18.54,overcast clouds
106,New Norfolk,AU,2021-11-23 04:05:39,-42.7826,147.0587,76.71,38,100,1.99,overcast clouds
107,Constitucion,CL,2021-11-23 04:03:31,-35.3333,-72.4167,60.71,57,0,8.19,clear sky
108,Malinovoye Ozero,RU,2021-11-23 04:05:40,51.6753,79.7825,35.35,83,100,21.03,overcast clouds
109,Cairns,AU,2021-11-23 04:05:40,-16.9167,145.7667,98.94,68,4,8.05,clear sky
110,Veraval,IN,2021-11-23 04:04:17,20.9,70.3667,82.78,67,93,5.97,overcast clouds
111,Luderitz,NA,2021-11-23 04:01:48,-26.6481,15.1594,59.23,86,29,12.68,scattered clouds
112,Georgetown,MY,2021-11-23 04:05:25,5.4112,100.3354,87.73,74,20,3.44,few clouds
113,Hilo,US,2021-11-23 04:04:33,19.7297,-155.09,75.27,93,90,6.91,moderate rain
114,Fort Nelson,CA,2021-11-23 04:04:41,58.8053,-122.7002,2.79,78,90,10.36,light snow
115,Albany,US,2021-11-23 04:05:42,42.6001,-73.9662,32.36,74,20,1.01,few clouds
116,Castro,BR,2021-11-23 04:05:42,-24.7911,-50.0119,61.68,61,52,2.46,broken clouds
117,Upernavik,GL,2021-11-23 04:05:43,72.7868,-56.1549,2.28,87,8,6.26,clear sky
118,Elbistan,TR,2021-11-23 04:05:43,38.2059,37.1983,41.0,84,6,0.63,clear sky
119,Eston,CA,2021-11-23 04:05:09,51.1501,-108.7514,40.93,52,98,13.62,overcast clouds
120,Daru,PG,2021-11-23 04:05:44,-9.0763,143.2092,86.05,68,44,9.06,scattered clouds
121,Buchanan,LR,2021-11-23 04:05:18,5.8808,-10.0467,76.37,90,32,4.45,light rain
122,Congonhas,BR,2021-11-23 04:01:19,-20.4997,-43.8578,62.82,96,52,2.84,broken clouds
123,Buin,CL,2021-11-23 04:05:45,-33.7333,-70.75,72.73,47,0,0.13,clear sky
124,Amazar,RU,2021-11-23 04:05:45,53.858,120.875,7.56,49,100,7.99,overcast clouds
125,Birin,NP,2021-11-23 04:05:46,26.8865,88.0718,57.51,74,20,4.03,few clouds
126,Chiradzulu,MW,2021-11-23 04:05:46,-15.6746,35.1407,69.96,70,91,4.27,overcast clouds
127,Mahebourg,MU,2021-11-23 04:03:09,-20.4081,57.7,79.25,66,4,8.39,clear sky
128,Saint-Georges,GD,2021-11-23 04:05:47,12.0564,-61.7485,79.21,80,88,9.22,overcast clouds
129,Dinard,FR,2021-11-23 04:05:47,48.6314,-2.0614,47.34,69,0,11.5,clear sky
130,Hithadhoo,MV,2021-11-23 04:05:48,-0.6,73.0833,81.12,79,100,17.96,overcast clouds
131,Korhogo,CI,2021-11-23 04:05:48,9.45,-5.6333,71.53,48,2,3.53,clear sky
132,East London,ZA,2021-11-23 04:05:48,-33.0153,27.9116,65.52,86,100,18.52,moderate rain
133,Shanting,CN,2021-11-23 04:05:39,35.0753,117.4578,44.35,28,0,9.26,clear sky
134,Sorsk,RU,2021-11-23 04:05:49,54.0033,90.2467,24.55,82,71,9.89,broken clouds
135,Tomatlan,MX,2021-11-23 04:05:50,19.9333,-105.25,71.29,90,22,3.24,few clouds
136,Flagstaff,US,2021-11-23 04:00:54,35.1981,-111.6513,47.86,38,47,1.32,scattered clouds
137,Mortka,RU,2021-11-23 04:05:50,59.3322,66.0214,19.62,94,100,7.87,light snow
138,Boo,SE,2021-11-23 04:05:51,59.3333,18.2833,34.77,83,85,8.05,overcast clouds
139,Naifaru,MV,2021-11-23 04:05:51,5.4444,73.3657,81.46,76,97,14.56,overcast clouds
140,Emba,KZ,2021-11-23 04:05:52,48.8264,58.1442,34.54,98,100,8.43,light rain
141,Vila Do Maio,CV,2021-11-23 04:05:52,15.1333,-23.2167,78.4,77,5,16.26,clear sky
142,Cabo San Lucas,MX,2021-11-23 04:03:05,22.8909,-109.9124,74.52,77,1,0.0,clear sky
143,Sao Filipe,CV,2021-11-23 04:03:01,14.8961,-24.4956,80.1,63,0,7.9,clear sky
144,Champerico,GT,2021-11-23 04:05:53,14.3,-91.9167,80.26,77,100,2.46,overcast clouds
145,Seybaplaya,MX,2021-11-23 04:05:54,19.65,-90.6667,74.88,80,0,13.29,clear sky
146,Kedrovyy,RU,2021-11-23 04:04:01,56.1667,91.8167,30.61,79,57,10.67,broken clouds
147,Teofilo Otoni,BR,2021-11-23 04:05:54,-17.8575,-41.5053,63.95,99,99,2.01,overcast clouds
148,Villa De Reyes,MX,2021-11-23 04:05:55,21.8,-100.9333,53.87,82,72,8.32,broken clouds
149,Yakeshi,CN,2021-11-23 04:05:55,49.2833,120.7333,9.63,60,97,16.02,overcast clouds
150,Noumea,NC,2021-11-23 04:05:56,-22.2763,166.4572,84.18,78,100,9.95,overcast clouds
151,Port Macquarie,AU,2021-11-23 04:05:57,-31.4333,152.9167,74.89,74,63,6.71,broken clouds
152,Wewak,PG,2021-11-23 04:05:57,-3.5534,143.6268,83.62,77,43,6.26,scattered clouds
153,Itarema,BR,2021-11-23 04:05:58,-2.9248,-39.9167,80.08,80,94,13.91,overcast clouds
154,Dikson,RU,2021-11-23 04:05:58,73.5069,80.5464,-10.14,97,100,17.74,light snow
155,Cap-Aux-Meules,CA,2021-11-23 04:05:59,47.3821,-61.8597,51.08,79,100,45.75,light rain
156,Iracoubo,GF,2021-11-23 04:05:59,5.4802,-53.2011,77.59,88,78,6.71,broken clouds
157,Sigli,ID,2021-11-23 04:06:00,5.3848,95.9609,84.83,67,97,3.02,overcast clouds
158,Necochea,AR,2021-11-23 04:06:00,-38.5473,-58.7368,52.03,65,1,14.29,clear sky
159,Boyolangu,ID,2021-11-23 04:06:00,-8.1181,111.8935,81.07,75,100,0.98,overcast clouds
160,Saldanha,ZA,2021-11-23 04:01:25,-33.0117,17.9442,60.91,81,2,13.69,clear sky
161,Kisangani,CD,2021-11-23 04:06:01,0.5167,25.2,68.9,97,89,1.05,overcast clouds
162,Thompson,CA,2021-11-23 04:01:38,55.7435,-97.8558,-0.24,71,90,4.61,light snow
163,Lavrentiya,RU,2021-11-23 04:06:02,65.5833,-171.0,-2.47,93,8,10.29,clear sky
164,Provideniya,RU,2021-11-23 04:02:51,64.3833,-173.3,10.51,52,1,6.71,clear sky
165,Maceio,BR,2021-11-23 04:06:03,-9.6658,-35.7353,76.44,88,20,3.44,few clouds
166,Dunedin,NZ,2021-11-23 04:06:03,-45.8742,170.5036,55.85,63,13,5.66,few clouds
167,Port Hope,US,2021-11-23 04:03:15,43.9408,-82.7127,30.96,65,88,15.03,overcast clouds
168,Tazovskiy,RU,2021-11-23 04:06:04,67.4667,78.7,14.14,93,100,15.52,overcast clouds
169,Mehamn,NO,2021-11-23 04:06:04,71.0357,27.8492,20.75,66,100,7.87,overcast clouds
170,Carutapera,BR,2021-11-23 04:06:05,-1.195,-46.02,78.12,81,37,5.17,scattered clouds
171,Narsaq,GL,2021-11-23 04:06:05,60.9167,-46.05,19.62,73,2,7.23,clear sky
172,Padang,ID,2021-11-23 04:06:06,-0.9492,100.3543,86.05,65,100,4.65,overcast clouds
173,Ikare,NG,2021-11-23 04:06:06,7.4913,5.2322,71.62,96,49,1.9,scattered clouds
174,Pokaran,IN,2021-11-23 04:06:06,26.9167,71.9167,76.46,10,0,4.5,clear sky
175,Bredasdorp,ZA,2021-11-23 04:04:27,-34.5322,20.0403,51.28,77,22,3.24,few clouds
176,Hay River,CA,2021-11-23 04:06:07,60.8156,-115.7999,13.86,91,100,16.53,light snow
177,Isla Mujeres,MX,2021-11-23 04:06:08,21.2311,-86.731,73.45,65,17,15.52,few clouds
178,Haapiti,PF,2021-11-23 04:06:08,-17.5667,-149.8667,82.13,76,100,12.06,overcast clouds
179,Tucuman,AR,2021-11-23 04:06:09,-26.8241,-65.2226,73.04,80,70,2.1,broken clouds
180,Carnot,CF,2021-11-23 04:06:09,4.9409,15.8665,70.14,78,89,0.72,overcast clouds
181,Lebu,CL,2021-11-23 04:06:10,-37.6167,-73.65,53.83,87,0,19.69,clear sky
182,Touros,BR,2021-11-23 04:06:10,-5.1989,-35.4608,79.7,79,95,11.03,overcast clouds
183,Vila Velha,BR,2021-11-23 04:01:43,-20.3297,-40.2925,68.95,88,90,4.12,overcast clouds
184,Saint-Philippe,RE,2021-11-23 04:05:58,-21.3585,55.7679,80.19,67,28,8.21,scattered clouds
185,Ribeira Grande,PT,2021-11-23 04:06:11,38.5167,-28.7,65.91,86,20,18.54,few clouds
186,Talnakh,RU,2021-11-23 04:06:11,69.4865,88.3972,7.14,89,100,8.12,overcast clouds
187,Nikolskiy,RU,2021-11-23 04:06:12,60.9151,34.0645,19.96,86,99,3.04,overcast clouds
188,Fortuna,US,2021-11-23 04:01:52,40.5982,-124.1573,49.93,94,90,1.01,overcast clouds
189,Kholodnyy,RU,2021-11-23 04:06:12,62.7167,147.95,-21.5,100,99,0.56,overcast clouds
190,Mutoko,ZW,2021-11-23 04:06:13,-17.397,32.2268,64.96,87,100,1.68,moderate rain
191,Chokurdakh,RU,2021-11-23 04:06:13,70.6333,147.9167,-12.5,99,100,5.48,overcast clouds
192,Yaan,NG,2021-11-23 04:06:14,7.3833,8.5667,75.99,85,91,6.89,overcast clouds
193,Los Llanos De Aridane,ES,2021-11-23 04:01:43,28.6585,-17.9182,64.15,83,0,4.0,clear sky
194,Cayenne,GF,2021-11-23 04:06:14,4.9333,-52.3333,81.09,85,40,1.99,scattered clouds
195,Nikolskoye,RU,2021-11-23 04:06:15,59.7035,30.7861,27.01,96,100,5.41,overcast clouds
196,Tatvan,TR,2021-11-23 04:06:15,38.5067,42.2817,32.86,76,0,3.0,clear sky
197,Harper,LR,2021-11-23 04:06:16,4.375,-7.7169,78.28,83,10,4.59,clear sky
198,Victoria Point,AU,2021-11-23 04:06:16,-27.5833,153.3,80.56,92,91,5.01,light rain
199,Barra Do Garcas,BR,2021-11-23 04:06:17,-15.89,-52.2567,74.32,93,100,1.66,overcast clouds
200,Kaitangata,NZ,2021-11-23 04:06:17,-46.2817,169.8464,57.09,60,73,5.61,broken clouds
201,Esperance,AU,2021-11-23 04:02:08,-33.8667,121.9,63.18,67,83,16.91,broken clouds
202,Geraldton,AU,2021-11-23 04:06:18,-28.7667,114.6,76.12,46,0,20.71,clear sky
203,Kodiak,US,2021-11-23 04:06:18,57.79,-152.4072,17.11,53,1,5.75,clear sky
204,Nalvo,PH,2021-11-23 04:06:19,16.8096,120.5108,85.93,56,6,6.33,clear sky
205,Diego De Almagro,CL,2021-11-23 04:06:20,-26.3667,-70.05,61.81,38,100,3.18,overcast clouds
206,Atar,MR,2021-11-23 04:06:20,20.5169,-13.0499,76.24,43,99,8.43,overcast clouds
207,Arraial Do Cabo,BR,2021-11-23 04:06:20,-22.9661,-42.0278,69.66,68,0,9.22,clear sky
208,Mogadishu,SO,2021-11-23 04:06:21,2.0371,45.3438,80.22,75,56,8.93,broken clouds
209,Baculin,PH,2021-11-23 04:06:21,7.4525,126.5842,85.8,66,98,10.47,overcast clouds
210,San Isidro,PE,2021-11-23 04:06:22,-12.1167,-77.05,66.02,87,90,8.05,overcast clouds
211,Eyl,SO,2021-11-23 04:06:22,7.9803,49.8164,76.87,67,85,8.68,overcast clouds
212,Tarnobrzeg,PL,2021-11-23 04:04:59,50.573,21.6794,36.41,92,20,7.02,few clouds
213,Grindavik,IS,2021-11-23 04:06:23,63.8424,-22.4338,39.67,75,75,14.97,broken clouds
214,Aleksandrovsk,RU,2021-11-23 04:06:23,59.158,57.5624,21.79,82,100,9.1,light snow
215,Meulaboh,ID,2021-11-23 04:06:23,4.1363,96.1285,80.53,78,100,2.48,overcast clouds
216,Axim,GH,2021-11-23 04:06:24,4.8699,-2.2405,78.55,83,38,1.68,scattered clouds
217,Sept-Iles,CA,2021-11-23 04:06:25,50.2001,-66.3821,35.06,76,100,10.0,overcast clouds
218,Kupino,RU,2021-11-23 04:06:25,54.3663,77.2981,32.23,98,100,16.46,light snow
219,Desaguadero,PE,2021-11-23 04:06:26,-16.5656,-69.0417,48.63,66,100,2.01,overcast clouds
220,Tinyahuarco,PE,2021-11-23 04:06:27,-10.75,-76.3,41.9,83,100,1.88,overcast clouds
221,Carnarvon,AU,2021-11-23 04:06:28,-24.8667,113.6333,77.07,53,0,21.85,clear sky
222,Saint-Pierre,RE,2021-11-23 04:06:28,-21.3393,55.4781,80.28,55,0,4.61,clear sky
223,Kankon,IN,2021-11-23 04:06:29,15.0167,74.0167,82.33,75,15,2.46,few clouds
224,Seddon,AU,2021-11-23 04:06:29,-37.8068,144.8916,80.62,55,75,5.99,broken clouds
225,Agirish,RU,2021-11-23 04:06:30,61.9247,63.0231,10.94,95,96,5.86,overcast clouds
226,Praia Da Vitoria,PT,2021-11-23 04:01:45,38.7333,-27.0667,63.75,96,41,16.15,scattered clouds
227,Bayevo,RU,2021-11-23 04:06:30,53.2833,80.7667,32.2,93,100,23.87,light snow
228,Taree,AU,2021-11-23 04:05:25,-31.9,152.4667,76.57,73,95,11.5,overcast clouds
229,Wentzville,US,2021-11-23 04:04:17,38.8114,-90.8529,32.4,60,5,1.01,clear sky
230,Altay,CN,2021-11-23 04:06:31,47.8667,88.1167,25.16,73,64,2.8,broken clouds
231,Tongzi,CN,2021-11-23 04:06:31,28.7829,105.0877,50.47,78,100,3.29,overcast clouds
232,Vani,GE,2021-11-23 04:06:32,42.0832,42.5216,37.09,93,0,4.61,clear sky
233,Marquette,US,2021-11-23 04:06:32,46.5333,-87.6335,20.68,68,32,6.2,scattered clouds
234,Kidal,ML,2021-11-23 04:06:33,18.4411,1.4078,72.45,30,16,9.42,few clouds
235,Kavieng,PG,2021-11-23 04:01:49,-2.5744,150.7967,83.8,77,58,12.86,light rain
236,Sitka,US,2021-11-23 04:01:42,57.0531,-135.33,35.49,87,90,8.05,light rain
237,Jiayuguan,CN,2021-11-23 04:06:34,39.8167,98.3,33.3,25,2,3.91,clear sky
238,Buraydah,SA,2021-11-23 04:05:36,26.326,43.975,57.2,76,3,9.06,clear sky
239,Oranjemund,NA,2021-11-23 04:06:34,-28.55,16.4333,63.72,77,99,7.9,overcast clouds
240,Boguchany,RU,2021-11-23 04:05:42,58.3814,97.4531,28.27,87,91,9.57,overcast clouds
241,Price,US,2021-11-23 04:06:35,39.5994,-110.8107,35.11,43,1,9.22,clear sky
242,Rongcheng,CN,2021-11-23 04:06:35,30.634,117.8517,50.63,31,56,2.53,broken clouds
243,Rocha,UY,2021-11-23 04:06:36,-34.4833,-54.3333,60.87,66,44,17.27,scattered clouds
244,Kaeo,NZ,2021-11-23 04:03:01,-35.1,173.7833,68.45,65,95,4.43,overcast clouds
245,Grand Gaube,MU,2021-11-23 04:06:37,-20.0064,57.6608,79.38,59,3,1.99,clear sky
246,Vila Franca Do Campo,PT,2021-11-23 04:06:37,37.7167,-25.4333,68.2,87,93,15.17,overcast clouds
247,Lixourion,GR,2021-11-23 04:06:37,38.2019,20.4314,61.66,83,100,9.93,overcast clouds
248,Nagato,JP,2021-11-23 04:06:38,34.3833,131.2,55.2,58,100,20.18,overcast clouds
249,Port Blair,IN,2021-11-23 04:06:38,11.6667,92.75,84.58,73,74,10.8,broken clouds
250,Geldern,DE,2021-11-23 04:06:39,51.5167,6.3333,38.89,94,75,2.3,broken clouds
251,Kulhudhuffushi,MV,2021-11-23 04:06:39,6.6221,73.07,81.39,74,87,11.25,overcast clouds
252,Tateyama,JP,2021-11-23 04:06:40,34.9833,139.8667,63.14,62,59,9.62,broken clouds
253,Ballina,AU,2021-11-23 04:06:40,-28.8667,153.5667,76.78,78,32,11.3,scattered clouds
254,Srandakan,ID,2021-11-23 04:06:40,-7.9386,110.2506,70.74,80,100,5.19,light rain
255,Nishihara,JP,2021-11-23 04:06:41,26.1842,127.7558,69.08,61,90,16.11,overcast clouds
256,Tarnos,FR,2021-11-23 04:06:42,43.5417,-1.4628,46.81,100,45,6.91,scattered clouds
257,Agnibilekrou,CI,2021-11-23 04:06:42,7.1344,-3.2047,70.39,95,17,1.57,few clouds
258,Diphu,IN,2021-11-23 04:06:42,25.8333,93.4333,69.49,62,33,2.15,scattered clouds
259,Najran,SA,2021-11-23 04:06:43,17.4924,44.1277,64.08,31,20,0.94,few clouds
260,Khash,IR,2021-11-23 04:06:43,28.2211,61.2158,60.28,19,5,1.57,clear sky
261,Puerto Ayacucho,VE,2021-11-23 04:06:44,5.6639,-67.6236,76.14,88,95,3.31,overcast clouds
262,Ixtapa,MX,2021-11-23 04:06:44,20.7,-105.2,76.23,88,1,0.0,clear sky
263,Atbasar,KZ,2021-11-23 04:06:44,51.8,68.3333,27.5,88,79,17.78,broken clouds
264,Antalaha,MG,2021-11-23 04:06:45,-14.9003,50.2788,76.51,76,94,3.04,light rain
265,Esfarayen,IR,2021-11-23 04:06:45,37.0765,57.5101,47.82,55,25,1.86,scattered clouds
266,Port Hedland,AU,2021-11-23 04:06:46,-20.3167,118.5667,91.45,46,64,13.8,broken clouds
267,Nehe,CN,2021-11-23 04:06:46,48.4833,124.8333,16.02,76,100,18.39,overcast clouds
268,Portree,GB,2021-11-23 04:06:47,57.4129,-6.1942,45.86,96,100,8.48,overcast clouds
269,Las Palmas,ES,2021-11-23 04:06:47,28.4204,-14.0131,59.79,77,83,4.61,broken clouds
270,Cidreira,BR,2021-11-23 04:06:47,-30.1811,-50.2056,68.7,79,9,8.39,clear sky
271,Saint-Francois,FR,2021-11-23 04:06:48,46.4154,3.9054,42.24,75,90,10.36,overcast clouds
272,La Ronge,CA,2021-11-23 04:06:48,55.1001,-105.2842,21.88,89,100,12.59,overcast clouds
273,Barcelona,ES,2021-11-23 04:06:12,41.3888,2.159,55.15,74,20,1.99,few clouds
274,Cockburn Town,TC,2021-11-23 04:06:49,21.4612,-71.1419,81.21,75,4,12.21,clear sky
275,Jensen Beach,US,2021-11-23 04:02:14,27.2545,-80.2298,67.05,91,70,6.91,broken clouds
276,Surgut,RU,2021-11-23 04:06:50,61.25,73.4167,19.58,100,40,11.18,light snow
277,Emporia,US,2021-11-23 04:06:00,38.4039,-96.1817,37.6,70,1,8.05,clear sky
278,Torbay,CA,2021-11-23 04:03:19,47.6666,-52.7314,38.26,83,44,1.99,scattered clouds
279,Tautira,PF,2021-11-23 04:05:30,-17.7333,-149.15,82.42,78,88,13.53,overcast clouds
280,Ixhuatan,MX,2021-11-23 04:06:51,16.3569,-94.4825,76.1,65,37,9.51,scattered clouds
281,Okitipupa,NG,2021-11-23 04:06:51,6.5047,4.7839,74.95,98,100,1.45,overcast clouds
282,Victoria,HK,2021-11-23 04:02:44,22.2855,114.1577,62.19,74,99,1.01,overcast clouds
283,Conceicao Do Araguaia,BR,2021-11-23 04:06:52,-8.2578,-49.2647,74.05,92,100,0.4,overcast clouds
284,Krasnoselkup,RU,2021-11-23 04:06:52,65.7,82.4667,20.5,95,98,14.92,light snow
285,Saskylakh,RU,2021-11-23 04:06:53,71.9167,114.0833,-24.77,98,11,8.68,few clouds
286,Birao,CF,2021-11-23 04:06:53,10.2849,22.7882,67.84,27,79,8.32,broken clouds
287,Sangar,RU,2021-11-23 04:06:54,63.9242,127.4739,-21.66,93,51,0.98,broken clouds
288,Portland,US,2021-11-23 04:03:09,45.5234,-122.6762,46.51,90,90,1.01,overcast clouds
289,Plettenberg Bay,ZA,2021-11-23 04:06:44,-34.0527,23.3716,60.49,78,99,7.4,light rain
290,Kenai,US,2021-11-23 04:06:55,60.5544,-151.2583,9.14,85,90,3.44,light snow
291,San Pedro,PH,2021-11-23 04:03:02,14.35,121.0167,85.35,74,81,13.02,broken clouds
292,Manggar,ID,2021-11-23 04:06:56,-2.8833,108.2667,88.09,59,100,1.74,overcast clouds
293,Huarmey,PE,2021-11-23 04:06:56,-10.0681,-78.1522,65.89,83,97,6.85,overcast clouds
294,Porto Velho,BR,2021-11-23 04:06:57,-8.7619,-63.9039,77.05,94,75,2.3,broken clouds
295,Bathsheba,BB,2021-11-23 04:06:58,13.2167,-59.5167,78.08,82,97,11.12,overcast clouds
296,Acari,PE,2021-11-23 04:06:59,-15.4311,-74.6158,68.97,75,80,2.28,broken clouds
297,Bata,GQ,2021-11-23 04:06:59,1.8639,9.7658,76.55,88,39,5.37,scattered clouds
298,Normandin,CA,2021-11-23 04:06:59,48.8333,-72.5321,20.59,81,53,4.74,broken clouds
299,Nekrasovka,RU,2021-11-23 04:07:00,48.3525,135.2325,19.42,68,75,13.42,light shower snow
300,Rio Cuarto,AR,2021-11-23 04:05:51,-33.1307,-64.3499,56.84,40,0,2.84,clear sky
301,Olafsvik,IS,2021-11-23 04:07:02,64.8945,-23.7142,40.42,61,68,16.69,broken clouds
302,Prabumulih,ID,2021-11-23 04:07:02,-3.45,104.25,85.82,65,100,2.64,overcast clouds
303,Broken Hill,AU,2021-11-23 04:07:02,-31.95,141.4333,77.65,42,100,7.96,light rain
304,Saint-Augustin,CA,2021-11-23 04:02:52,51.226,-58.6502,40.55,82,100,19.89,overcast clouds
305,Teguise,ES,2021-11-23 04:07:03,29.0605,-13.564,62.82,88,0,3.44,clear sky
306,Muros,ES,2021-11-23 04:06:20,42.7762,-9.0603,55.83,77,60,17.85,broken clouds
307,Gunjur,GM,2021-11-23 04:07:04,13.2019,-16.7339,75.27,94,0,4.61,clear sky
308,Bonnyville,CA,2021-11-23 04:07:04,54.2668,-110.735,26.82,88,100,7.2,overcast clouds
309,Kostomuksha,RU,2021-11-23 04:07:05,64.571,30.5767,15.44,93,8,5.93,clear sky
310,Mwanza,TZ,2021-11-23 04:07:05,-2.5167,32.9,70.63,77,42,4.03,moderate rain
311,Magdalena,PH,2021-11-23 04:04:05,14.1999,121.429,85.42,77,58,10.38,broken clouds
312,Laranjeiras Do Sul,BR,2021-11-23 04:07:06,-25.4078,-52.4161,61.54,74,48,1.25,moderate rain
313,Chapais,CA,2021-11-23 04:02:44,49.7834,-74.8492,13.78,89,100,10.67,overcast clouds
314,Mackay,AU,2021-11-23 04:07:06,-21.15,149.2,85.68,66,41,13.29,scattered clouds
315,Twentynine Palms,US,2021-11-23 04:04:26,34.1356,-116.0542,66.06,17,98,4.0,overcast clouds
316,Povenets,RU,2021-11-23 04:07:07,62.8487,34.8262,16.29,84,57,6.29,broken clouds
317,Katherine,AU,2021-11-23 04:07:07,-14.4667,132.2667,98.92,39,40,8.05,scattered clouds
318,Asyut,EG,2021-11-23 04:07:08,27.181,31.1837,58.68,66,0,3.98,clear sky
319,Havre-Saint-Pierre,CA,2021-11-23 04:07:08,50.2334,-63.5986,43.16,93,90,6.91,overcast clouds
320,Guadalupe Y Calvo,MX,2021-11-23 04:07:09,26.1,-106.9667,48.15,69,95,4.76,overcast clouds
321,Loukhi,RU,2021-11-23 04:07:09,66.0764,33.0381,15.28,89,7,7.65,clear sky
322,Port Lincoln,AU,2021-11-23 04:07:09,-34.7333,135.8667,66.9,65,99,15.75,overcast clouds
323,Klaksvik,FO,2021-11-23 04:07:10,62.2266,-6.589,47.32,79,100,31.07,overcast clouds
324,Ibipeba,BR,2021-11-23 04:07:10,-11.6408,-42.0111,73.31,74,97,8.37,overcast clouds
325,Flin Flon,CA,2021-11-23 04:03:00,54.7682,-101.865,18.91,94,100,12.12,light snow
326,Vardo,NO,2021-11-23 04:07:11,70.3705,31.1107,17.8,48,100,17.98,overcast clouds
327,Rorvik,NO,2021-11-23 04:07:11,64.8621,11.2373,41.97,94,100,22.24,light rain
328,Port Elizabeth,ZA,2021-11-23 04:07:12,-33.918,25.5701,61.11,78,97,16.13,overcast clouds
329,Port-Gentil,GA,2021-11-23 04:07:12,-0.7193,8.7815,79.3,85,92,7.05,light rain
330,Anloga,GH,2021-11-23 04:07:13,5.7947,0.8973,82.18,76,78,6.53,broken clouds
331,Ust-Omchug,RU,2021-11-23 04:07:14,61.15,149.6333,-19.91,99,43,1.5,scattered clouds
332,Kaoma,ZM,2021-11-23 04:07:14,-14.7833,24.8,65.21,97,100,4.9,light rain
333,Ola,RU,2021-11-23 04:07:15,59.5833,151.2833,10.15,77,7,12.84,clear sky
334,Wanning,CN,2021-11-23 04:07:15,18.8003,110.3967,70.93,79,93,16.06,overcast clouds
335,Tambacounda,SN,2021-11-23 04:07:16,13.7539,-13.7586,79.56,21,68,6.06,broken clouds
336,Seoul,KR,2021-11-23 04:07:16,37.5683,126.9778,36.79,42,77,16.22,broken clouds
337,Gokak,IN,2021-11-23 04:07:17,16.1667,74.8333,79.45,73,1,6.91,clear sky
338,Leshukonskoye,RU,2021-11-23 04:07:17,64.8989,45.7622,21.51,91,100,9.37,overcast clouds
339,Tome,CL,2021-11-23 04:07:18,-36.6167,-72.95,56.01,56,1,7.0,clear sky
340,Baturaja,ID,2021-11-23 04:07:18,-4.1333,104.1667,85.87,65,100,1.14,overcast clouds
341,Santa Isabel Do Rio Negro,BR,2021-11-23 04:07:18,-0.4139,-65.0192,73.36,98,100,1.45,overcast clouds
342,Pochutla,MX,2021-11-23 04:07:19,15.7432,-96.4661,77.85,87,99,4.23,overcast clouds
343,Christchurch,NZ,2021-11-23 04:04:07,-43.5333,172.6333,61.92,68,75,4.0,broken clouds
344,Clyde River,CA,2021-11-23 04:07:19,70.4692,-68.5914,16.03,86,100,18.41,light snow
345,Husavik,IS,2021-11-23 04:03:25,66.0449,-17.3389,33.96,82,20,7.67,light rain
346,Yulara,AU,2021-11-23 04:07:20,-25.2406,130.9889,84.04,51,40,10.36,scattered clouds
347,Sambava,MG,2021-11-23 04:07:21,-14.2667,50.1667,76.42,78,64,4.76,light rain
348,Mecca,SA,2021-11-23 04:05:18,21.4267,39.8261,70.03,46,81,4.68,broken clouds
349,Chato,TZ,2021-11-23 04:07:21,-2.6378,31.7669,66.65,80,70,3.13,broken clouds
350,Cap Malheureux,MU,2021-11-23 04:05:45,-19.9842,57.6142,79.47,59,3,1.99,clear sky
351,Coihaique,CL,2021-11-23 04:07:22,-45.5752,-72.0662,47.41,89,98,6.64,overcast clouds
352,Kamenka,RU,2021-11-23 04:07:23,51.3223,42.7678,27.75,76,100,5.32,overcast clouds
353,San Luis,AR,2021-11-23 04:07:23,-33.295,-66.3356,70.34,31,0,20.71,clear sky
354,Faanui,PF,2021-11-23 04:07:24,-16.4833,-151.75,81.34,74,100,8.84,overcast clouds
355,Ambulu,ID,2021-11-23 04:07:26,-8.345,113.6058,84.88,72,100,3.53,overcast clouds
356,Hall,US,2021-11-23 04:07:26,34.3168,-83.7832,43.59,49,1,10.36,clear sky
357,Puerto Escondido,MX,2021-11-23 04:07:26,15.85,-97.0667,79.63,69,40,5.75,scattered clouds
358,Itoman,JP,2021-11-23 04:07:27,26.1247,127.6694,69.82,61,75,20.71,broken clouds
359,College,US,2021-11-23 04:07:27,64.8569,-147.8028,1.58,66,90,12.66,light snow
360,Pisco,PE,2021-11-23 04:07:28,-13.7,-76.2167,66.25,82,90,11.5,overcast clouds
361,Takhtamygda,RU,2021-11-23 04:05:29,54.1,123.5667,9.28,57,100,9.8,overcast clouds
362,Teluk Nibung,ID,2021-11-23 04:07:29,3.001,99.8164,79.16,87,99,3.13,overcast clouds
363,Margate,GB,2021-11-23 04:05:21,51.3813,1.3862,45.7,80,76,1.99,broken clouds
364,Naze,JP,2021-11-23 04:05:35,28.3667,129.4833,60.22,64,90,14.85,overcast clouds
365,Kailua,US,2021-11-23 04:07:30,21.4022,-157.7394,80.58,74,90,12.66,overcast clouds
366,Iquitos,PE,2021-11-23 04:04:58,-3.7481,-73.2472,77.04,94,75,2.3,broken clouds
367,Galle,LK,2021-11-23 04:07:30,6.0367,80.217,82.15,74,94,8.21,overcast clouds
368,Hambantota,LK,2021-11-23 04:07:31,6.1241,81.1185,84.54,89,20,2.3,few clouds
369,Zermatt,CH,2021-11-23 04:07:31,46.0213,7.7491,36.18,96,35,4.79,scattered clouds
370,Iisalmi,FI,2021-11-23 04:07:32,63.5592,27.1907,24.82,99,96,0.63,overcast clouds
371,Bureya,RU,2021-11-23 04:07:32,49.8133,129.8131,24.44,93,100,15.66,light snow
372,Cuaspud,CO,2021-11-23 04:07:32,0.8628,-77.7263,48.96,96,99,0.96,overcast clouds
373,Kahului,US,2021-11-23 04:07:33,20.8947,-156.47,78.06,88,75,16.11,broken clouds
374,Priargunsk,RU,2021-11-23 04:07:33,50.3691,119.1012,11.16,56,1,12.57,clear sky
375,Calderitas,MX,2021-11-23 04:07:34,18.55,-88.25,74.17,81,65,8.52,broken clouds
376,Zhaotong,CN,2021-11-23 04:07:34,27.3167,103.7167,34.66,98,100,3.38,light rain
377,Banjar,ID,2021-11-23 04:07:31,-8.19,114.9675,87.66,67,84,4.32,broken clouds
378,Namatanai,PG,2021-11-23 04:07:35,-3.6667,152.4333,82.27,76,95,8.97,light rain
379,Yura,PE,2021-11-23 04:07:35,-16.2522,-71.6797,58.5,46,100,3.47,overcast clouds
380,Kutum,SD,2021-11-23 04:07:36,14.2,24.6667,57.61,40,3,7.05,clear sky
381,Angoche,MZ,2021-11-23 04:07:37,-16.2325,39.9086,78.71,76,36,6.35,scattered clouds
382,Oktyabrskoye,RU,2021-11-23 04:07:38,43.0645,44.7417,24.94,93,1,2.24,clear sky
383,Fagernes,NO,2021-11-23 04:07:38,60.9858,9.2324,21.88,96,83,2.8,broken clouds
384,Quchan,IR,2021-11-23 04:07:38,37.106,58.5095,46.89,59,8,0.98,clear sky
385,Tiruvallur,IN,2021-11-23 04:07:39,13.15,79.9167,83.84,80,100,7.34,overcast clouds
386,Guerrero Negro,MX,2021-11-23 04:07:42,27.9769,-114.0611,69.51,54,100,7.92,overcast clouds
387,Shaoguan,CN,2021-11-23 04:07:42,24.8,113.5833,60.06,51,74,5.35,broken clouds
388,Matola,MZ,2021-11-23 04:03:29,-25.9622,32.4589,70.52,93,100,3.13,light rain
389,The Valley,AI,2021-11-23 04:07:43,18.217,-63.0578,79.11,70,94,14.34,overcast clouds
390,Negombo,LK,2021-11-23 04:07:43,7.2083,79.8358,82.45,78,20,9.22,few clouds
391,Goldap,PL,2021-11-23 04:07:44,54.3063,22.3036,31.84,89,98,12.35,light snow
392,Katsuura,JP,2021-11-23 04:07:44,35.1333,140.3,59.14,74,87,4.7,overcast clouds
393,Ambikapur,IN,2021-11-23 04:07:44,23.1167,83.2,74.61,43,0,3.04,clear sky
394,Lianran,CN,2021-11-23 04:07:45,24.9227,102.485,50.0,92,100,2.91,overcast clouds
395,Igrim,RU,2021-11-23 04:07:45,63.1906,64.4162,11.08,97,97,4.36,overcast clouds
396,Ewa Beach,US,2021-11-23 04:07:46,21.3156,-158.0072,80.55,74,90,5.99,overcast clouds
397,Chinsali,ZM,2021-11-23 04:07:46,-10.5414,32.0816,68.88,71,29,3.02,scattered clouds
398,Nelson Bay,AU,2021-11-23 04:07:47,-32.7167,152.15,76.75,81,88,1.99,overcast clouds
399,Puerto Carreno,CO,2021-11-23 04:07:47,6.189,-67.4859,78.08,80,97,3.6,overcast clouds
400,Tabas,IR,2021-11-23 04:07:48,33.5959,56.9244,59.18,68,72,1.77,broken clouds
401,Capreol,CA,2021-11-23 04:07:48,46.706,-80.9225,25.56,86,50,7.85,scattered clouds
402,Broome,US,2021-11-23 04:07:14,42.2506,-75.833,30.02,69,1,1.99,clear sky
403,Acajutla,SV,2021-11-23 04:07:49,13.5928,-89.8275,78.28,70,86,5.26,overcast clouds
404,Srednekolymsk,RU,2021-11-23 04:02:54,67.45,153.6833,-30.95,99,60,4.97,broken clouds
405,Namibe,AO,2021-11-23 04:07:49,-15.1961,12.1522,68.2,78,63,5.19,broken clouds
406,Dharchula,IN,2021-11-23 04:07:50,29.85,80.5333,66.69,18,0,3.22,clear sky
407,Lahij,YE,2021-11-23 04:07:50,13.1667,44.5833,71.76,80,29,1.23,scattered clouds
408,La Brea,HN,2021-11-23 04:07:50,15.8,-85.9667,72.0,94,41,3.51,scattered clouds
409,Whitehorse,CA,2021-11-23 04:07:51,60.7161,-135.0538,5.31,77,100,2.46,overcast clouds
410,Amahai,ID,2021-11-23 04:04:22,-3.3333,128.9167,86.16,65,29,7.63,scattered clouds
411,Santa Ana Huista,GT,2021-11-23 04:07:51,15.6833,-91.8167,71.26,92,95,3.51,overcast clouds
412,Richards Bay,ZA,2021-11-23 04:07:52,-28.783,32.0377,69.21,89,100,10.76,light rain
413,Kloulklubed,PW,2021-11-23 04:07:52,7.0419,134.2556,88.3,77,89,12.88,overcast clouds
414,Nanortalik,GL,2021-11-23 04:07:19,60.1432,-45.2371,20.86,74,5,13.98,clear sky
415,Bilma,NE,2021-11-23 04:07:53,18.6853,12.9164,71.15,24,0,8.9,clear sky
416,Kuminskiy,RU,2021-11-23 04:07:53,58.6667,66.5667,19.85,93,99,8.55,overcast clouds
417,Tulagi,SB,2021-11-23 04:07:54,-9.0996,160.1476,83.75,71,78,10.36,light rain
418,Kayes,ML,2021-11-23 04:07:54,14.0,-11.0,77.31,20,4,4.5,clear sky
419,Tucurui,BR,2021-11-23 04:07:55,-3.7661,-49.6725,74.86,88,61,0.89,broken clouds
420,Bac Lieu,VN,2021-11-23 04:07:55,9.285,105.7244,85.17,71,73,14.94,broken clouds
421,Faya,SA,2021-11-23 04:06:05,18.3851,42.4509,52.32,64,11,2.04,few clouds
422,Chulman,RU,2021-11-23 04:07:56,56.8479,124.9104,-11.09,89,100,5.53,overcast clouds
423,Bubaque,GW,2021-11-23 04:07:56,11.2833,-15.8333,82.13,77,5,8.21,clear sky
424,Yining,CN,2021-11-23 04:07:57,29.0361,114.5636,54.97,33,20,1.66,few clouds
425,Swellendam,ZA,2021-11-23 04:07:57,-34.0226,20.4417,58.86,86,94,5.99,overcast clouds
426,Ahuimanu,US,2021-11-23 04:07:58,21.4447,-157.8378,80.31,77,90,12.66,overcast clouds
427,Mugur-Aksy,RU,2021-11-23 04:07:58,50.35,90.5,15.89,69,95,7.87,overcast clouds
428,Zhigansk,RU,2021-11-23 04:07:59,66.7697,123.3711,-18.62,95,100,9.01,overcast clouds
429,Kushmurun,KZ,2021-11-23 04:07:59,52.4503,64.6311,28.8,92,67,17.96,broken clouds
430,Demba,CD,2021-11-23 04:07:59,-5.51,22.2667,66.56,100,100,1.5,light rain
431,Goundam,ML,2021-11-23 04:08:00,16.4145,-3.6708,75.61,30,7,9.26,clear sky
432,Ikalamavony,MG,2021-11-23 04:08:00,-21.15,46.5833,75.9,61,51,1.57,broken clouds
433,Nushki,PK,2021-11-23 04:08:01,29.5542,66.0215,59.9,17,0,0.13,clear sky
434,Bogorodskoye,RU,2021-11-23 04:08:01,56.55,37.8833,16.61,95,51,6.31,broken clouds
435,Tessalit,ML,2021-11-23 04:08:02,20.1986,1.0114,72.21,33,99,7.07,overcast clouds
436,Porto Novo,BJ,2021-11-23 04:08:02,6.4965,2.6036,78.48,86,63,2.57,broken clouds
437,Tabuk,PH,2021-11-23 04:08:03,17.4189,121.4443,83.77,64,18,7.4,few clouds
438,Port Shepstone,ZA,2021-11-23 04:08:03,-30.7414,30.455,70.03,75,100,15.9,overcast clouds
439,Trat,TH,2021-11-23 04:08:04,12.5,102.5,83.98,63,94,11.99,overcast clouds
440,Sergeyevka,KZ,2021-11-23 04:08:04,53.88,67.4158,23.72,93,96,16.04,light snow
441,Fallon,US,2021-11-23 04:05:09,39.4735,-118.7774,30.07,69,1,5.75,clear sky
442,Santa Cruz,BO,2021-11-23 04:07:58,-17.8,-63.1667,77.56,73,100,4.23,overcast clouds
443,Dakar,SN,2021-11-23 04:08:05,14.6937,-17.4441,74.28,57,37,5.1,scattered clouds
444,Vanavara,RU,2021-11-23 04:08:05,60.34,102.2797,16.14,94,100,7.78,light snow
445,Eureka,US,2021-11-23 04:07:51,40.8021,-124.1637,50.2,78,26,6.24,scattered clouds
446,Mount Isa,AU,2021-11-23 04:08:06,-20.7333,139.5,98.37,19,97,10.36,overcast clouds
447,Devgarh,IN,2021-11-23 04:08:06,25.5333,73.9,72.84,28,0,3.58,clear sky
448,Hervey Bay,AU,2021-11-23 04:04:26,-25.2986,152.8535,82.04,73,79,11.25,broken clouds
449,Sunderland,GB,2021-11-23 04:08:07,54.9047,-1.3822,43.09,91,40,5.99,scattered clouds
450,Adeje,ES,2021-11-23 04:08:08,28.1227,-16.726,69.98,83,20,5.75,few clouds
451,Beringovskiy,RU,2021-11-23 04:08:08,63.05,179.3167,-2.51,99,96,13.22,overcast clouds
452,Jingdezhen,CN,2021-11-23 04:08:09,29.2947,117.2079,52.99,35,11,2.33,few clouds
453,Hobyo,SO,2021-11-23 04:06:14,5.3505,48.5268,80.01,69,84,9.04,broken clouds
454,Magadan,RU,2021-11-23 04:08:09,59.5667,150.8,9.54,72,5,14.23,clear sky
455,Sibolga,ID,2021-11-23 04:08:10,1.7427,98.7792,85.06,64,100,4.81,overcast clouds
456,Alexandria,EG,2021-11-23 04:08:10,31.2156,29.9553,65.88,75,6,2.37,clear sky
457,Caconda,AO,2021-11-23 04:08:11,-13.7333,15.0667,58.12,84,100,1.3,overcast clouds
458,Nemuro,JP,2021-11-23 04:05:15,43.3236,145.575,42.03,56,9,20.42,clear sky
459,Salalah,OM,2021-11-23 04:08:11,17.0151,54.0924,82.49,18,0,8.05,clear sky
460,Suixi,CN,2021-11-23 04:08:12,33.8907,116.7747,48.79,23,0,10.56,clear sky
461,Fairbanks,US,2021-11-23 04:08:03,64.8378,-147.7164,1.6,66,90,12.66,light snow
462,Inhambane,MZ,2021-11-23 04:08:12,-23.865,35.3833,72.63,87,100,7.2,light rain
463,Matara,LK,2021-11-23 04:08:13,5.9485,80.5353,84.38,69,87,4.7,overcast clouds
464,Pinega,RU,2021-11-23 04:08:13,64.7001,43.3936,19.65,84,100,9.62,overcast clouds
465,Biak,ID,2021-11-23 04:08:14,-0.9131,122.8766,83.71,72,63,1.16,broken clouds
466,Filingue,NE,2021-11-23 04:08:14,14.3521,3.3168,76.78,23,1,9.86,clear sky
467,Saint Marys,US,2021-11-23 04:08:15,30.7305,-81.5465,60.82,89,1,5.99,clear sky
468,Kirkwall,GB,2021-11-23 04:08:15,58.9848,-2.9587,46.96,87,40,11.5,scattered clouds
469,Stockton-On-Tees,GB,2021-11-23 04:04:41,54.5685,-1.3187,43.34,89,38,3.83,scattered clouds
470,Suez,EG,2021-11-23 04:08:16,29.9737,32.5263,61.27,76,0,5.64,clear sky
471,Santo Tomas,PH,2021-11-23 04:08:16,14.1079,121.1414,84.58,65,82,11.01,broken clouds
472,Udachnyy,RU,2021-11-23 04:08:16,66.4167,112.4,-31.0,100,89,6.44,overcast clouds
473,Omboue,GA,2021-11-23 04:08:17,-1.5746,9.2618,76.75,91,100,4.25,moderate rain
474,Kiunga,PG,2021-11-23 04:08:17,-6.1219,141.2906,92.64,48,46,2.62,scattered clouds
475,Madison,US,2021-11-23 04:06:17,34.7334,-86.5667,39.33,68,1,3.0,clear sky
476,Tual,ID,2021-11-23 04:08:18,-5.6667,132.75,83.79,72,35,4.5,scattered clouds
477,Kindu,CD,2021-11-23 04:08:20,-2.95,25.95,68.58,99,100,1.05,overcast clouds
478,Praia,CV,2021-11-23 04:08:20,14.9215,-23.5087,76.75,80,4,13.24,clear sky
479,Iqaluit,CA,2021-11-23 04:08:21,63.7506,-68.5145,28.13,74,90,11.01,overcast clouds
480,Kualakapuas,ID,2021-11-23 04:08:22,-3.0091,114.3876,89.76,53,39,1.88,scattered clouds
481,Kyra,RU,2021-11-23 04:08:22,49.5776,111.9753,13.75,66,5,1.66,clear sky
482,Mahanoro,MG,2021-11-23 04:08:23,-19.9,48.8,79.68,65,21,6.35,few clouds
483,Bam,IR,2021-11-23 04:08:23,29.106,58.357,65.17,25,2,4.34,clear sky
484,Lidkoping,SE,2021-11-23 04:08:24,58.5052,13.1577,33.55,78,36,0.92,scattered clouds
485,Rawson,AR,2021-11-23 04:08:26,-43.3002,-65.1023,50.81,56,90,12.06,overcast clouds
486,Alofi,NU,2021-11-23 04:08:26,-19.0595,-169.9187,79.34,74,81,12.26,broken clouds
487,Codrington,AU,2021-11-23 04:08:26,-38.2667,141.9667,72.23,66,100,18.72,light rain
488,Sinnamary,GF,2021-11-23 04:08:27,5.3833,-52.95,77.54,88,83,6.31,broken clouds
489,Ambanja,MG,2021-11-23 04:08:28,-13.6833,48.45,77.41,81,71,2.1,broken clouds
490,Vieste,IT,2021-11-23 04:08:29,41.8825,16.175,56.32,80,99,5.95,overcast clouds
491,Luau,AO,2021-11-23 04:08:29,-10.7073,22.2247,63.27,98,97,3.11,light rain
492,Sladkovo,RU,2021-11-23 04:08:30,55.5284,70.3385,21.36,91,99,13.87,overcast clouds
493,Collie,AU,2021-11-23 04:08:30,-33.3667,116.15,74.75,30,0,4.88,clear sky
494,Kavaratti,IN,2021-11-23 04:05:32,10.5669,72.642,81.28,76,80,8.5,broken clouds
495,Torit,SS,2021-11-23 04:08:31,4.4133,32.5678,73.83,61,92,1.21,overcast clouds
496,Port Hardy,CA,2021-11-23 04:08:31,50.6996,-127.4199,42.98,93,90,2.3,overcast clouds
497,Zhezkazgan,KZ,2021-11-23 04:08:32,47.8043,67.7144,34.61,90,100,17.13,overcast clouds
498,San Policarpo,PH,2021-11-23 04:08:32,12.1791,125.5072,84.79,65,33,10.8,scattered clouds
499,Cherskiy,RU,2021-11-23 04:08:33,68.75,161.3,-32.31,100,40,3.24,scattered clouds
500,Jeremie,HT,2021-11-23 04:08:33,18.65,-74.1167,78.01,83,62,3.42,broken clouds
501,Marsa Matruh,EG,2021-11-23 04:08:33,31.3525,27.2453,63.14,54,9,6.67,clear sky
502,Sao Joao Da Barra,BR,2021-11-23 04:04:10,-21.6403,-41.0511,67.57,74,28,4.16,scattered clouds
503,Contamana,PE,2021-11-23 04:08:34,-7.3333,-75.0167,75.45,75,99,2.48,overcast clouds
504,Dusti,TJ,2021-11-23 04:08:35,37.3481,68.664,43.52,31,74,4.85,broken clouds
505,Ardmore,US,2021-11-23 04:08:35,34.1743,-97.1436,51.26,57,1,1.99,clear sky
506,Kununurra,AU,2021-11-23 04:08:35,-15.7667,128.7333,102.18,30,40,9.22,scattered clouds
507,Okha,RU,2021-11-23 04:08:36,53.5739,142.9478,33.98,84,100,32.88,overcast clouds
508,Kyzyl-Suu,KG,2021-11-23 04:08:37,42.3414,78.0056,35.73,45,8,2.42,clear sky
509,Aklavik,CA,2021-11-23 04:08:38,68.2191,-135.0107,-8.0,95,100,7.74,overcast clouds
510,Belmonte,BR,2021-11-23 04:08:38,-15.8631,-38.8828,70.3,89,100,10.27,overcast clouds
511,Bismil,TR,2021-11-23 04:08:38,37.8486,40.6658,47.82,72,0,1.54,clear sky
512,Nokaneng,BW,2021-11-23 04:08:39,-19.6667,22.2667,70.77,59,98,6.08,overcast clouds
513,Pangnirtung,CA,2021-11-23 04:08:39,66.1451,-65.7125,22.68,75,100,15.5,overcast clouds
514,Dalby,AU,2021-11-23 04:08:40,-27.1833,151.2667,74.03,63,81,19.13,light rain
515,Nouakchott,MR,2021-11-23 04:08:40,18.0858,-15.9785,76.93,50,57,12.97,broken clouds
516,Palmer,US,2021-11-23 04:08:22,42.1584,-72.3287,35.15,62,20,1.01,few clouds
517,La Libertad,EC,2021-11-23 04:08:41,-2.2333,-80.9,68.76,83,88,6.22,overcast clouds
518,Nome,US,2021-11-23 04:05:33,64.5011,-165.4064,6.87,47,1,16.11,clear sky
519,Fernandina Beach,US,2021-11-23 04:08:41,30.6697,-81.4626,60.78,89,1,3.0,clear sky
520,Huicheng,CN,2021-11-23 04:08:42,23.0385,116.2899,64.99,54,95,10.63,overcast clouds
521,Shirokiy,RU,2021-11-23 04:08:42,49.758,129.523,22.64,94,100,16.31,light snow
522,Thinadhoo,MV,2021-11-23 04:08:43,0.5333,72.9333,82.13,75,100,19.1,overcast clouds
523,Hurghada,EG,2021-11-23 04:08:43,27.2574,33.8129,64.72,58,0,11.14,clear sky
524,Ostrovnoy,RU,2021-11-23 04:08:44,68.0531,39.5131,20.55,93,46,7.58,scattered clouds
525,Shakhtinsk,KZ,2021-11-23 04:08:44,49.71,72.5872,34.36,96,100,24.72,overcast clouds
526,Kosh-Agach,RU,2021-11-23 04:08:44,50.0,88.6667,15.17,55,100,3.98,overcast clouds
527,Nicoya,CR,2021-11-23 04:08:45,10.1483,-85.452,76.55,88,100,3.2,overcast clouds
528,Imbituba,BR,2021-11-23 04:08:45,-28.24,-48.6703,70.83,88,0,10.51,clear sky
529,Horki,BY,2021-11-23 04:08:46,54.2861,30.9842,23.04,76,77,5.08,broken clouds
530,Waipawa,NZ,2021-11-23 04:08:46,-41.4122,175.5153,61.03,62,81,6.44,broken clouds
531,Mayumba,GA,2021-11-23 04:04:12,-3.432,10.6554,75.67,93,100,9.53,heavy intensity rain
532,Salinopolis,BR,2021-11-23 04:08:47,-0.6136,-47.3561,79.7,79,46,8.75,scattered clouds
533,Okato,NZ,2021-11-23 04:08:48,-39.2,173.8833,69.42,58,47,12.77,scattered clouds
534,Remedios,CU,2021-11-23 04:08:48,22.4947,-79.5458,72.52,88,31,6.11,scattered clouds
535,Dzerzhinsk,RU,2021-11-23 04:08:49,56.2389,43.4631,19.22,79,20,6.71,few clouds
536,Toamasina,MG,2021-11-23 04:05:54,-18.1667,49.3833,78.69,70,28,4.63,light rain
537,Rangapara,IN,2021-11-23 04:08:49,26.8167,92.65,72.1,63,77,7.23,broken clouds
538,La Asuncion,VE,2021-11-23 04:08:50,11.0333,-63.8628,77.9,87,26,11.01,scattered clouds
539,Lasa,IT,2021-11-23 04:04:03,46.6166,10.7002,38.35,89,65,2.93,broken clouds
540,Qom,IR,2021-11-23 04:08:50,34.6401,50.8764,53.2,60,7,5.61,clear sky
541,Mindelo,CV,2021-11-23 04:08:51,16.8901,-24.9804,75.78,79,5,12.91,clear sky
542,Grand-Lahou,CI,2021-11-23 04:08:51,5.1367,-5.0242,78.17,85,20,4.36,few clouds
543,Milagres,BR,2021-11-23 04:08:52,-7.3133,-38.9456,82.69,41,89,5.68,overcast clouds
544,Shushtar,IR,2021-11-23 04:08:52,32.0455,48.8567,66.29,65,0,3.47,clear sky
545,Palau,PW,2021-11-23 04:08:52,7.503,134.621,87.76,70,75,13.8,broken clouds
546,Mildura,AU,2021-11-23 04:08:53,-34.2,142.15,81.07,53,100,9.28,light rain
547,Egvekinot,RU,2021-11-23 04:08:54,66.3167,-179.1667,-5.3,71,21,10.0,few clouds
548,Dingle,PH,2021-11-23 04:08:54,10.9995,122.6711,85.82,72,67,13.2,broken clouds
549,Hami,CN,2021-11-23 04:08:44,42.8,93.45,30.47,44,62,4.03,broken clouds
550,Amga,RU,2021-11-23 04:08:55,60.8953,131.9608,-11.6,87,100,3.69,overcast clouds
551,Maues,BR,2021-11-23 04:04:26,-3.3836,-57.7186,72.43,99,88,1.21,overcast clouds
552,Ponta Do Sol,PT,2021-11-23 04:08:55,32.6667,-17.1,66.7,72,93,6.33,overcast clouds
553,Stevens Point,US,2021-11-23 04:04:29,44.5236,-89.5746,25.99,81,40,0.0,scattered clouds
554,Makambako,TZ,2021-11-23 04:08:56,-8.8453,34.823,58.8,75,74,7.49,broken clouds
555,Buluang,PH,2021-11-23 04:08:56,13.3068,123.3425,88.68,60,60,1.32,broken clouds
556,Zhanakorgan,KZ,2021-11-23 04:08:57,43.9098,67.2495,41.07,56,89,7.09,overcast clouds
557,Road Town,VG,2021-11-23 04:05:59,18.4167,-64.6167,78.01,73,32,13.78,scattered clouds
558,Sungaipenuh,ID,2021-11-23 04:08:59,-2.0833,101.3833,78.84,46,96,5.17,overcast clouds
559,Fare,PF,2021-11-23 04:09:00,-16.7,-151.0167,80.89,75,100,9.98,overcast clouds
560,Turukhansk,RU,2021-11-23 04:09:00,65.8167,87.9833,15.24,90,100,20.58,light snow
561,Rehoboth,NA,2021-11-23 04:09:01,-23.3167,17.0833,53.26,43,0,3.87,clear sky
562,Jambi,ID,2021-11-23 04:09:01,-1.6,103.6167,90.19,58,100,1.54,overcast clouds
563,Awbari,LY,2021-11-23 04:09:01,26.5921,12.7805,62.53,43,87,5.44,overcast clouds
564,Micheweni,TZ,2021-11-23 04:09:02,-4.9667,39.8333,80.82,74,88,3.56,overcast clouds
565,Adolfo Lopez Mateos,MX,2021-11-23 04:09:02,28.4667,-107.3,45.82,65,97,7.02,overcast clouds
566,San Antero,CO,2021-11-23 04:09:03,9.3741,-75.7589,77.34,89,93,3.31,overcast clouds
567,Asfi,MA,2021-11-23 04:09:03,32.2994,-9.2372,61.36,73,73,4.81,broken clouds
568,Sidi Ali,DZ,2021-11-23 04:09:04,36.0998,0.4206,54.52,64,0,5.39,clear sky
569,Terekli-Mekteb,RU,2021-11-23 04:09:04,44.1671,45.8698,43.63,85,1,6.46,clear sky
570,Blagoyevo,RU,2021-11-23 04:09:05,63.3667,47.9167,20.62,96,100,4.92,light snow
571,Jibuti,DJ,2021-11-23 04:09:05,11.5,42.5,74.62,76,99,6.69,overcast clouds
572,Florianopolis,BR,2021-11-23 04:09:07,-27.6146,-48.5012,68.38,84,0,1.99,clear sky
573,Oudtshoorn,ZA,2021-11-23 04:09:08,-33.5907,22.2014,57.92,91,100,5.97,light rain
574,Pringsewu,ID,2021-11-23 04:09:08,-5.3582,104.9744,84.96,64,100,5.46,overcast clouds
575,Russell,US,2021-11-23 04:09:09,32.3502,-85.1999,47.48,55,26,9.78,scattered clouds
576,Sao Raimundo Nonato,BR,2021-11-23 04:09:09,-9.0153,-42.6994,79.92,48,75,2.17,broken clouds
577,Hohhot,CN,2021-11-23 04:09:10,40.8106,111.6522,26.47,21,0,3.4,clear sky
578,Takoradi,GH,2021-11-23 04:09:10,4.8845,-1.7554,78.93,81,22,2.13,few clouds
579,Liseleje,DK,2021-11-23 04:09:11,56.0053,11.9483,45.99,93,76,1.01,broken clouds
580,Dubbo,AU,2021-11-23 04:09:11,-32.25,148.6167,80.73,47,83,9.22,broken clouds
581,Yerbogachen,RU,2021-11-23 04:09:12,61.2767,108.0108,-1.17,80,51,9.37,broken clouds
582,Genhe,CN,2021-11-23 04:09:12,50.7833,121.5167,9.5,46,100,11.18,overcast clouds
583,Qasigiannguit,GL,2021-11-23 04:09:15,68.8193,-51.1922,17.85,92,62,7.29,broken clouds
584,Acapulco,MX,2021-11-23 04:09:17,16.8634,-99.8901,78.48,82,1,4.32,clear sky
585,Kawalu,ID,2021-11-23 04:09:18,-7.3817,108.2082,81.14,80,84,2.89,broken clouds
586,Ocos,GT,2021-11-23 04:09:18,14.5094,-92.1933,75.38,78,100,3.36,overcast clouds
587,Shirgaon,IN,2021-11-23 04:09:19,19.7,72.7,86.02,74,65,5.88,broken clouds
588,Auxerre,FR,2021-11-23 04:09:19,47.8,3.5667,35.46,85,6,14.61,clear sky
589,Alta Floresta,BR,2021-11-23 04:09:20,-9.8756,-56.0861,70.57,97,99,2.39,light rain
590,Pangoa,PE,2021-11-23 04:09:20,-12.1167,-73.0,68.47,99,99,2.62,overcast clouds
591,Sabang,ID,2021-11-23 04:09:20,5.8933,95.3214,82.06,73,94,10.04,overcast clouds
592,Santiago Del Estero,AR,2021-11-23 04:09:21,-27.7951,-64.2615,73.08,89,92,13.76,overcast clouds
593,Ajdabiya,LY,2021-11-23 04:09:21,30.7554,20.2263,62.33,51,89,13.44,overcast clouds
594,Linguere,SN,2021-11-23 04:09:22,15.3953,-15.1193,80.71,19,100,7.47,overcast clouds
595,Cortes,ES,2021-11-23 04:09:22,41.9395,-1.4396,47.08,91,100,3.18,overcast clouds
596,Bemidji,US,2021-11-23 04:09:23,47.4736,-94.8803,21.9,80,1,4.61,clear sky
597,Ugento,IT,2021-11-23 04:09:23,39.9263,18.1574,59.77,85,72,6.55,broken clouds
598,Arteaga,MX,2021-11-23 04:09:24,18.4667,-102.4167,63.32,82,3,2.3,clear sky
599,Sorland,NO,2021-11-23 04:09:24,67.667,12.6934,35.67,71,100,27.85,overcast clouds
600,Sayyan,YE,2021-11-23 04:09:25,15.1718,44.3244,50.74,34,67,4.63,broken clouds
601,Umm Lajj,SA,2021-11-23 04:09:25,25.0213,37.2685,70.52,40,2,14.81,clear sky
602,May Pen,JM,2021-11-23 04:09:26,17.9645,-77.2451,79.81,89,27,4.54,scattered clouds
603,Miquelon,PM,2021-11-23 04:09:26,47.0975,-56.3814,44.69,79,98,29.3,overcast clouds
604,Salamanca,ES,2021-11-23 04:09:27,40.8333,-6.0,36.0,100,100,9.6,snow
605,Bela,IN,2021-11-23 04:09:27,25.9333,81.9833,71.74,24,0,4.88,clear sky
606,Banda Aceh,ID,2021-11-23 04:09:27,5.5577,95.3222,83.46,71,95,7.29,overcast clouds
607,West Bay,KY,2021-11-23 04:09:28,19.3667,-81.4167,80.01,84,10,1.99,clear sky
608,Simiti,CO,2021-11-23 04:09:28,7.9579,-73.9436,74.55,95,100,2.84,overcast clouds
609,Barstow,US,2021-11-23 04:09:29,34.8986,-117.0228,59.54,16,100,3.94,overcast clouds
610,Nioro,GM,2021-11-23 04:09:29,13.35,-15.75,74.19,62,99,2.91,overcast clouds
611,Puerto Narino,CO,2021-11-23 04:09:30,-3.7703,-70.3831,75.15,92,100,0.54,overcast clouds
612,Thessalon,CA,2021-11-23 04:09:30,46.2501,-83.5666,30.69,84,67,11.43,broken clouds
613,Yumen,CN,2021-11-23 04:08:39,40.2833,97.2,33.94,26,5,26.71,clear sky
614,Viradouro,BR,2021-11-23 04:09:31,-20.8731,-48.2969,71.69,63,6,4.52,clear sky
615,New Kensington,US,2021-11-23 04:09:31,40.5698,-79.7648,32.22,65,7,1.01,clear sky
616,Iralaya,HN,2021-11-23 04:09:32,15.0,-83.2333,76.35,82,47,8.3,scattered clouds
617,Port Moresby,PG,2021-11-23 04:09:32,-9.4431,147.1797,84.54,74,17,5.86,few clouds
618,Derzhavinsk,KZ,2021-11-23 04:09:33,51.1,66.3167,28.17,95,68,17.0,broken clouds
619,Mareeba,AU,2021-11-23 04:09:33,-17.0,145.4333,94.32,57,16,9.71,few clouds
620,Puerto Del Rosario,ES,2021-11-23 04:09:33,28.5004,-13.8627,65.88,77,95,4.61,overcast clouds
621,Kysyl-Syr,RU,2021-11-23 04:09:34,63.8986,122.7617,-15.83,96,100,3.42,overcast clouds
622,Slave Lake,CA,2021-11-23 04:09:34,55.2834,-114.769,39.97,69,62,14.97,broken clouds
623,Arman,RU,2021-11-23 04:09:35,59.7,150.1667,10.02,77,8,11.5,clear sky
624,Mandla,IN,2021-11-23 04:09:35,22.6,80.3833,77.56,52,0,2.77,clear sky
625,Arroyos Y Esteros,PY,2021-11-23 04:09:35,-25.0667,-57.1,78.55,58,84,4.47,broken clouds
626,Masunga,BW,2021-11-23 04:09:36,-20.6246,27.4488,66.9,83,99,5.66,overcast clouds
627,Aitape,PG,2021-11-23 04:09:36,-3.1374,142.3475,84.79,72,57,5.61,broken clouds
628,Haines Junction,CA,2021-11-23 04:09:37,60.7522,-137.5108,1.17,99,100,1.95,overcast clouds
629,Kalabo,ZM,2021-11-23 04:09:37,-14.97,22.6814,67.57,84,100,6.93,overcast clouds
630,Lata,PT,2021-11-23 04:09:38,40.1629,-8.3327,45.81,81,1,3.31,clear sky
631,Lagoa,PT,2021-11-23 04:09:38,39.05,-27.9833,64.83,86,37,18.68,scattered clouds
632,Vanimo,PG,2021-11-23 04:09:39,-2.6741,141.3028,84.29,75,51,4.76,broken clouds
633,Cheney,US,2021-11-23 04:09:39,47.4874,-117.5758,34.25,95,90,0.0,mist
634,Hornepayne,CA,2021-11-23 04:09:39,49.2138,-84.7705,14.86,92,100,8.34,overcast clouds
635,Bani Walid,LY,2021-11-23 04:09:17,31.7566,13.9942,60.46,63,1,4.99,clear sky
636,Berlevag,NO,2021-11-23 04:09:40,70.8578,29.0864,25.07,55,100,4.68,overcast clouds
637,Deputatskiy,RU,2021-11-23 04:09:40,69.3,139.9,-22.52,96,94,5.3,overcast clouds
638,Manavalakurichi,IN,2021-11-23 04:09:41,8.1333,77.3,86.09,84,99,2.84,overcast clouds
639,Makakilo City,US,2021-11-23 04:09:41,21.3469,-158.0858,79.12,75,90,5.75,overcast clouds
640,Sur,OM,2021-11-23 04:09:42,22.5667,59.5289,79.09,44,90,10.8,overcast clouds
641,Churapcha,RU,2021-11-23 04:09:42,62.0025,132.4325,-13.97,90,100,4.16,overcast clouds
642,Mercedes,AR,2021-11-23 04:09:42,-34.6515,-59.4307,64.83,38,81,14.2,broken clouds
643,Denpasar,ID,2021-11-23 04:09:43,-8.65,115.2167,87.46,74,20,9.22,few clouds
644,Bjornevatn,NO,2021-11-23 04:09:43,69.6672,29.9847,17.22,85,0,5.75,clear sky
645,Freeport,US,2021-11-23 04:07:46,40.6576,-73.5832,39.38,53,1,3.0,clear sky
646,Maneadero,MX,2021-11-23 04:09:44,31.7167,-116.5667,63.1,71,99,3.0,overcast clouds
647,Alto Araguaia,BR,2021-11-23 04:09:44,-17.3147,-53.2153,71.1,90,100,1.57,overcast clouds
648,Rapid Valley,US,2021-11-23 04:08:48,44.0625,-103.1463,59.05,42,1,0.0,clear sky
649,Luba,GQ,2021-11-23 04:09:45,3.4568,8.5547,80.01,82,89,4.09,light rain
650,Lukovetskiy,RU,2021-11-23 04:09:45,64.2956,41.9211,22.98,87,100,6.89,light snow
651,Avera,US,2021-11-23 04:09:46,33.194,-82.5271,52.48,50,13,10.69,few clouds
652,Turbat,PK,2021-11-23 04:09:46,26.0023,63.044,74.71,12,0,6.58,clear sky
653,Pedernales,DO,2021-11-23 04:09:47,18.0384,-71.744,77.81,79,41,2.64,scattered clouds
654,Morant Bay,JM,2021-11-23 04:09:47,17.8815,-76.4093,80.22,82,97,4.27,overcast clouds
655,Stornoway,GB,2021-11-23 04:09:48,58.2093,-6.3865,44.92,94,75,1.01,broken clouds
656,Qandala,SO,2021-11-23 04:09:48,11.472,49.8728,77.07,73,84,3.0,broken clouds
657,Peace River,CA,2021-11-23 04:09:48,56.2501,-117.286,17.91,92,90,20.71,light snow
658,Laguna,US,2021-11-23 04:09:49,38.421,-121.4238,57.09,90,1,0.0,mist
659,Mayenne,FR,2021-11-23 04:09:49,48.3333,-0.6667,35.04,62,0,14.18,clear sky
660,Petropavlovsk-Kamchatskiy,RU,2021-11-23 04:09:50,53.0452,158.6483,37.99,45,0,4.47,clear sky
661,Kirovskiy,RU,2021-11-23 04:09:50,45.0917,133.5136,17.87,91,100,19.57,light snow
662,Lauria,IT,2021-11-23 04:09:51,40.0465,15.8358,49.15,77,12,4.59,few clouds
663,Ancud,CL,2021-11-23 04:09:51,-41.8697,-73.8203,48.42,92,34,4.72,scattered clouds
664,Adre,TD,2021-11-23 04:09:52,13.4667,22.2,65.86,30,41,15.7,scattered clouds
665,Hovd,MN,2021-11-23 04:09:52,48.0056,91.6419,29.07,26,75,5.32,broken clouds
666,Solnechnyy,RU,2021-11-23 04:09:52,50.7214,136.6319,28.38,97,100,11.48,snow
667,Sobolevo,RU,2021-11-23 04:09:53,54.4299,31.8996,23.18,80,98,4.09,overcast clouds
668,Ivanteyevka,RU,2021-11-23 04:09:53,55.9711,37.9208,21.49,93,23,5.32,few clouds
669,Gigmoto,PH,2021-11-23 04:09:54,13.7796,124.39,82.83,79,63,7.81,broken clouds
670,Xinqing,CN,2021-11-23 04:09:54,48.2333,129.5,17.11,83,100,12.35,overcast clouds
671,Arvi,IN,2021-11-23 04:09:54,20.9833,78.2333,81.61,57,34,5.19,scattered clouds
672,Asau,RO,2021-11-23 04:09:55,46.4333,26.4,42.4,81,100,3.27,light rain
673,Kalmunai,LK,2021-11-23 04:09:55,7.4167,81.8167,77.36,88,100,6.76,overcast clouds
674,Lincoln,US,2021-11-23 04:08:08,40.8,-96.667,40.98,65,1,1.01,clear sky
675,Loa Janan,ID,2021-11-23 04:07:17,-0.583,117.095,92.75,53,56,2.64,broken clouds
676,Portoferraio,IT,2021-11-23 04:09:56,42.8115,10.3146,59.97,75,100,21.92,overcast clouds
677,Japura,ID,2021-11-23 04:08:33,-0.3167,102.35,90.84,54,100,1.79,overcast clouds
678,Ongandjera,NA,2021-11-23 04:09:57,-17.8833,15.0667,67.39,26,2,7.02,clear sky
679,Ciudad Bolivar,VE,2021-11-23 04:09:57,8.1222,-63.5497,76.46,86,100,7.11,overcast clouds
680,Merauke,ID,2021-11-23 04:09:58,-8.4667,140.3333,85.46,70,30,8.19,scattered clouds
681,Mikhaylovka,RU,2021-11-23 04:09:58,50.06,43.2379,34.79,75,100,4.9,overcast clouds
682,Ha Giang,VN,2021-11-23 04:09:58,22.8333,104.9833,63.32,68,100,1.77,overcast clouds
683,Udala,ES,2021-11-23 04:09:59,43.0778,-2.5125,44.19,94,100,4.07,overcast clouds
684,Bida,NG,2021-11-23 04:09:59,9.0833,6.0167,74.73,36,59,1.32,broken clouds
685,Karatuzskoye,RU,2021-11-23 04:10:00,53.6072,92.8667,24.71,85,85,4.99,overcast clouds
686,Caxias,PT,2021-11-23 04:10:00,38.7031,-9.2767,54.45,70,20,1.99,few clouds
687,Bystryy Istok,RU,2021-11-23 04:10:01,52.371,84.3873,36.63,70,100,21.39,overcast clouds
688,Westport,US,2021-11-23 04:07:39,41.1415,-73.3579,39.16,60,1,10.36,clear sky
689,Kungurtug,RU,2021-11-23 04:10:02,50.5994,97.5228,16.93,62,98,0.76,overcast clouds
690,Kainantu,PG,2021-11-23 04:10:02,-6.2887,145.8655,73.33,70,70,3.56,broken clouds
691,Gautier,US,2021-11-23 04:10:03,30.3858,-88.6117,53.67,71,1,4.61,clear sky
692,Jackson,US,2021-11-23 04:10:03,42.4165,-122.8345,40.86,86,1,3.44,clear sky
693,Salta,AR,2021-11-23 04:10:04,-24.7859,-65.4117,73.58,59,100,1.01,overcast clouds
694,Calvinia,ZA,2021-11-23 04:10:05,-31.4707,19.776,57.54,74,23,3.65,few clouds
695,Neryungri,RU,2021-11-23 04:10:05,56.6709,124.6491,-9.71,87,100,7.07,overcast clouds
696,Lodja,CD,2021-11-23 04:10:06,-3.4833,23.4333,66.13,99,99,0.76,overcast clouds
